nodeID,xcoord,ycoord,floor,building,nodeType,longName,shortName
ACONF00102,1580,2538,2,BTM,HALL,Hall,Hall
ACONF00103,1648,2968,3,BTM,CONF,BTM Conference Center,BTM Conference
ACONF0010G,1671,2648,G,BTM,CONF,Schlagler Innovation Lobby,Schlagler Lobby
ADEPT00101,1401,2628,1,BTM,DEPT,Neuroscience Waiting Room,Neuro Waiting Room
ADEPT00102,1395,2674,2,BTM,DEPT,Orthopedics and Rhemutalogy,Orthopedics and Rhemutalogy
ADEPT0010G,1530,2495,G,BTM,DEPT,Neuro Testing Waiting Area,Neuro Wating Area
ADEPT00201,1720,2847,1,BTM,DEPT,MS Waiting,MS Waiting
ADEPT0020G,1552,2843,G,BTM,DEPT,Infusion Waiting Area,Infusion Waiting Area
ADEPT00301,986,2852,1,BTM,DEPT,CART Waiting,CART Waiting
AELEV00S01,1534,2777,1,BTM,ELEV,Elevator S 01,Elevator S 1
AELEV00S02,1532,2777,2,BTM,ELEV,Elevator S 02,Elevator S 2
AELEV00S03,1539,2773,3,BTM,ELEV,Elevator S Floor 3,Elevator S 3
AELEV00S0G,1523,2763,G,BTM,ELEV,Elevator S G,Elevator S G
AELEV00SL2,1630,2742,L2,BTM,ELEV,Elevator S L2,Elevator S L2
AEXIT0010G,1678,2460,G,BTM,EXIT,Fenwood Road,Fenwood Road
AEXIT001L2,1696,2788,L2,BTM,EXIT,Parking Garage L2,Parking Garage L2
AHALL00101,1638,2553,1,BTM,HALL,Hall,Hall
AHALL00102,1591,2560,2,BTM,HALL,Hall,Hall
AHALL00103,1534,2732,3,BTM,HALL,Hall,Hall
AHALL0010G,1677,2530,G,BTM,HALL,Hall,Hall
AHALL001L2,1627,2782,L2,BTM,HALL,Hallway to Elevator,Hall
AHALL00201,1608,2596,1,BTM,HALL,Hall,Hall
AHALL00202,1590,2604,2,BTM,HALL,Hall,Hall
AHALL00203,1600,2732,3,BTM,HALL,Hall,Hall
AHALL0020G,1623,2531,G,BTM,HALL,Hall,Hall
AHALL002L2,1698,2776,L2,BTM,HALL,Hallway Intersection,Hall
AHALL00301,1608,2737,1,BTM,HALL,Hall,Hall
AHALL00302,1590,2745,2,BTM,HALL,Hall,Hall
AHALL00303,1650,2732,3,BTM,HALL,Hall,Hall
AHALL003L2,1701,2734,L2,BTM,HALL,Hall,Hall
AHALL00401,1420,2737,1,BTM,HALL,Hall,Hall
AHALL00402,1528,2745,2,BTM,HALL,Hall,Hall
AHALL00403,1650,2766,3,BTM,HALL,Hall,Hall
AHALL0040G,1528,2531,G,BTM,HALL,Hall,Hall
AHALL004L2,1698,2687,L2,BTM,HALL,Hall,Hall
AHALL00501,1420,2865,1,BTM,HALL,Hall,Hall
AHALL00502,1398,2745,2,BTM,HALL,Hall,Hall
AHALL00503,1650,2855,3,BTM,HALL,Hall,Hall
AHALL0050G,1713,2558,G,BTM,HALL,Hall,Hall
AHALL00601,1678,2865,1,BTM,HALL,Hall,Hall
AHALL00602,1683,2543,2,BTM,HALL,Hall,Hall
AHALL00603,1580,2858,3,BTM,HALL,HallNode,HallNode
AHALL0060G,1595,2583,G,BTM,HALL,Hall,Hall
AHALL00701,1017,2865,1,BTM,HALL,Hall,Hall
AHALL0070G,1712,2647,G,BTM,HALL,Hall,Hall
AHALL00801,1532,2739,1,BTM,HALL,Hall,Hall
AHALL0080G,1602,2706,G,BTM,HALL,Hall,Hall
AHALL00901,1581,2566,1,BTM,HALL,Hall,Hall
AHALL0090G,1524,2726,G,BTM,HALL,Hall,Hall
AHALL01001,1605,2568,1,BTM,HALL,Hall,Hall
AHALL0100G,1600,2853,G,BTM,HALL,Hall,Hall
AHALL0110G,1550,2853,G,BTM,HALL,Hall,Hall
AHALL0120G,1548,2538,G,BTM,HALL,Hall,Hall
AHALL0130G,1582,2533,G,BTM,HALL,Hall,Hall
AHALL0140G,1599,2727,G,BTM,HALL,Hall,Hall
AHALL0150G,1598,2532,G,BTM,HALL,Hall,Hall
AINFO0010G,1484,2710,G,BTM,INFO,BTM Security Desk,Security
AINFO001L2,1681,2747,L2,BTM,INFO,BTM Security Desk,Security
AINFO0020G,1699,2707,G,BTM,INFO,Information Desk,Information
ALABS00103,1611,2678,3,BTM,LABS,Innovation Hub,Innovation Hub
ALABS001L2,1667,2682,L2,BTM,LABS,MRI CT Scan Imaging,MRI CT Imaging
ALABS00203,1671,2695,3,BTM,LABS,Clinical Trials,Clinical Trials
AREST00101,1556,2604,1,BTM,REST,Restroom S elevator 1st floor,Restroom
AREST00103,1552,2854,3,BTM,REST,Restroom BTM conference center 3rd floor,Restroom
ARETL00101,1619,2522,1,BTM,RETL,Cafe,Cafe
ASTAI00101,1642,2596,1,BTM,STAI,Cafe Stairs,Cafe Staris
ASTAI00102,1650,2602,2,BTM,STAI,Stairs Floor 2,Stairs Floor 2
ASTAI0010G,1622,2556,G,BTM,STAI,Schlagler Stairs,Schlager Stairs
BCONF00102,2150,1025,2,45 Francis,CONF,Duncan Reid Conference Room,Conf B0102
BDEPT00102,2260,786,2,45 Francis,DEPT,Comprehensive Breast Heath,DEPT B0102
BDEPT00202,2166,1039,2,45 Francis,DEPT,Oral Medicine and Dentistry,DEPT B0202
BDEPT00302,2385,753,2,45 Francis,DEPT,Lee Bell Breast Center,DEPT B0302
BDEPT00402,2439,902,2,45 Francis,DEPT,Jen Center for Primary Care,DEPT B0402
BDEPT00502,2623,1018,2,45 Francis,DEPT,Ear Nose & Throat,DEPT B0502
BDEPT00602,2782,1303,2,45 Francis,HALL,Hallway Intersection 31 Level 2,Hallway B3102
BDEPT00702,2945,775,2,45 Francis,DEPT,Plastic Surgery,DEPT B0702
BDEPT00802,3155,890,2,45 Francis,DEPT,Outpatient Pharmacy,DEPT B0802
BDEPT00902,3257,879,2,45 Francis,DEPT,Weiner Center for Preoperative Evaluation,DEPT B0902
BHALL00102,2238,902,2,45 Francis,HALL,Hallway Intersection 1 Level 2,Hallway B0102
BHALL00202,2279,902,2,45 Francis,HALL,Hallway Intersection 2 Level 2,Hallway B0202
BHALL00302,2238,1028,2,45 Francis,HALL,Hallway Intersection 3 Level 2,Hallway B0302
BHALL00402,2246,1280,2,45 Francis,HALL,Hallway Intersection 4 Level 2,Hallway B0402
BHALL00502,2385,902,2,45 Francis,HALL,Hallway Intersection 5 Level 2,Hallway B0502
BHALL00602,2605,902,2,45 Francis,HALL,Hallway Intersection 6 Level 2,Hallway B0602
BHALL00702,2672,902,2,45 Francis,HALL,Hallway Intersection 7 Level 2,Hallway B0702
BHALL00802,2605,783,2,45 Francis,HALL,Hallway Intersection 8 Level 2,Hallway B0802
BHALL00902,2330,590,2,45 Francis,HALL,Hallway Intersection 9 Level 2,Hallway B0902
BHALL01002,2713,902,2,45 Francis,HALL,Hallway Intersection 10 Level 2,Hallway B1002
BHALL01102,2912,903,2,45 Francis,HALL,Hallway Intersection 11 Level 2,Hallway B1102
BHALL01202,2945,902,2,45 Francis,HALL,Hallway Intersection 12 Level 2,Hallway B1202
BHALL01302,3135,890,2,45 Francis,HALL,Hallway Intersection 13 Level 2,Hallway B1302
BHALL01402,3296,880,2,45 Francis,HALL,Hallway Intersection 14 Level 2,Hallway B1402
BHALL01502,2672,820,2,45 Francis,HALL,Hallway Intersection 15 Level 2,Hallway B1502
BHALL01602,2721,750,2,45 Francis,HALL,Hallway Intersection 16 Level 2,Hallway B1602
BHALL01702,2945,710,2,45 Francis,HALL,Hallway Intersection 17 Level 2,Hallway B1702
BHALL01802,2610,953,2,45 Francis,HALL,Hallway Intersection 18 Level 2,Hallway B1802
BHALL01902,2678,1032,2,45 Francis,HALL,Hallway Intersection 19 Level 2,Hallway B1902
BHALL02002,2761,1032,2,45 Francis,HALL,Hallway Intersection 20 Level 2,Hallway B2002
BHALL02102,2841,1032,2,45 Francis,HALL,Hallway Intersection 21 Level 2,Hallway B2102
BHALL02202,2900,985,2,45 Francis,HALL,Hallway Intersection 22 Level 2,Hallway B2202
BHALL02302,2912,963,2,45 Francis,HALL,Hallway Intersection 23 Level 2,Hallway B2302
BHALL02502,3163,945,2,45 Francis,HALL,Hallway Intersection 25 Level 2,Hallway B2502
BHALL02602,3296,945,2,45 Francis,HALL,Hallway Intersection 26 Level 2,Hallway B2602
BHALL02702,3296,1043,2,45 Francis,HALL,Hallway Intersection 27 Level 2,Hallway B2702
BHALL02802,3063,1043,2,45 Francis,HALL,Hallway Intersection 28 Level 2,Hallway B2802
BHALL02902,2782,1091,2,45 Francis,HALL,Hallway Intersection 29 Level 2,Hallway B2902
BHALL03002,2782,1165,2,45 Francis,HALL,Hallway Intersection 30 Level 2,Hallway B3002
BHALL03102,2554,1280,2,45 Francis,HALL,Hallway Intersection 31 Level 2,Hallway B3102
BHALL03202,2554,1472,2,45 Francis,HALL,Hallway Intersection 32 Level 2,Hallway B3202
BHALL03302,2782,1280,2,45 Francis,HALL,Hallway Intersection 33 Level 2,Hallway B3302
BHALL03402,2166,1028,2,45 Francis,HALL,Hallway Intersection 34 Level 2,Hallway B3402
BHALL03502,2246,1028,2,45 Francis,HALL,Hallway Intersection 35 Level 2,Hallway B3502
BHALL03602,2279,762,2,45 Francis,HALL,Hallway Intersection 36 Level 2,Hallway B3602
BHALL03702,2322,641,2,45 Francis,HALL,Hallway Intersection 37 Level 2,Hallway B3702
BHALL03802,2279,786,2,45 Francis,HALL,Hallway Intersection 38 Level 2,Hallway B3802
BHALL04102,2678,1067,2,45 Francis,HALL,Hallway Intersection 41 Level 2,Hallway B04102
BHALL04202,2761,1067,2,45 Francis,HALL,Hallway Intersection 42 Level 2,Hallway B04202
BHALL04302,2782,1067,2,45 Francis,HALL,Hallway Intersection 43 level 2,Hallway B04302
BHALL04402,3063,963,2,45 Francis,HALL,Hallway Intersection 44 Level 2,Hallway B4402
BINFO00102,2962,963,2,45 Francis,INFO,Information Desk Level 2,INFO B0102
BINFO00202,3136,963,2,45 Francis,INFO,Valet Service Level 2,INFO B0202
BLABS00102,2246,1350,2,45 Francis,LABS,Vascular Diagnostic Lab,Labs B0102
BLABS00202,2945,995,2,45 Francis,LABS,Outpatient Specimen Collection,Labs B0202
BREST00102,2177,1010,2,45 Francis,REST,Restroom 1 Level 2,REST B0102
BREST00202,2605,841,2,45 Francis,REST,Restroom 2 Level 2,REST B0202
BREST00302,2225,1280,2,45 Francis,REST,Restroom 3 Level 2,REST B0302
BREST00402,2554,1389,2,45 Francis,REST,Restroom 4 Level 2,REST B0402
BREST00502,2782,1152,2,45 Francis,REST,Restroom 5 Level 2,REST B0502
BSERV00102,2853,1067,2,45 Francis,SERV,Patient Financial Services,SERV B0102
BSTAI00102,2177,902,2,45 Francis,STAI,Staircase Intersection 1 Level 2,Stair B0102
BSTAI00202,2279,827,2,45 Francis,STAI,Staircase Intersection 2 Level 2,Stair B0202
BSTAI00302,2554,783,2,45 Francis,STAI,Staircase Intersection 3 Level 2,Stair B0302
BSTAI00502,2945,840,2,45 Francis,STAI,Staircase Intersection 5 Level 2,Stair B0502
BSTAI00602,3217,886,2,45 Francis,STAI,Staircase Intersection 6 Level 2,Stair B0602
BSTAI00702,2811,1165,2,45 Francis,STAI,Staircase Intersection 7 Level 2,Stair B0702
BSTAI00802,2554,1316,2,45 Francis,STAI,Staircase Intersection 8 Level 2,Stair B0802
BSTAI00902,2190,1280,2,45 Francis,STAI,Staircase Intersection 9 Level 2,Stair B0902
BSTAI01002,2238,932,2,45 Francis,STAI,Staircase Intersection 10 Level 2,Stair B1002
CCONF001L1,2255,849,L1,45 Francis,CONF,Anesthesia Conf Floor L1,Conf C001L1
CCONF002L1,2665,1043,L1,45 Francis,CONF,Medical Records Conference Room Floor L1,Conf C002L1
CCONF003L1,2445,1245,L1,45 Francis,CONF,Abrams Conference Room,Conf C003L1
CDEPT002L1,1980,844,L1,Tower,DEPT,Day Surgery Family Waiting Floor L1,Department C002L1
CDEPT003L1,1845,844,L1,Tower,DEPT,Day Surgery Family Waiting Exit Floor L1,Department C003L1
CDEPT004L1,2310,1043,L1,45 Francis,DEPT,Medical Records Film Library Floor L1,Department C004L1
CHALL001L1,1732,924,L1,Tower,HALL,Hallway 1 Floor L1,Hallway C001L1
CHALL001L2,2360,854,L2,45 Francis,HALL,Hallway K Elevator Floor L2,Hallway C001L2
CHALL002L1,2445,1043,L1,45 Francis,HALL,Hallway 2 Floor L1,Hallway C002L1
CHALL002L2,2270,904,L2,45 Francis,HALL,Hallway 2 Floor L2,Hallway C002L2
CHALL003L1,2445,1284,L1,45 Francis,HALL,Hallway 3 Floor L1,Hallway C003L1
CHALL003L2,2215,904,L2,45 Francis,HALL,Hallway 3 Floor L2,Hallway C003L2
CHALL004L1,2770,1070,L1,45 Francis,HALL,Hallway 4 Floor L1,Hallway C004L1
CHALL004L2,2130,904,L2,45 Francis,HALL,Hallway 4 Floor L2,Hallway C004L2
CHALL005L1,1750,1284,L1,Tower,HALL,Hallway 5 Floor L1,Hallway C005L1
CHALL005L2,1745,1280,L2,Tower,HALL,Hallway 5 Floor L2,Hallway C005L2
CHALL006L1,2130,1284,L1,Tower,HALL,Hallway 6 Floor L1,Hallway C006L1
CHALL006L2,1745,1009,L2,Tower,HALL,Hallway 6 Floor L2,Hallway C006L2
CHALL007L1,2130,1045,L1,Tower,HALL,Hallway 7 Floor L1,Hallway C007L1
CHALL007L2,1730,1009,L2,Tower,HALL,Hallway 7 Floor L2,Hallway C007L2
CHALL008L1,2215,1045,L1,45 Francis,HALL,Hallway 8 Floor L1,Hallway C008L1
CHALL008L2,1730,924,L2,Tower,HALL,Hallway 8 Floor L2,Hallway C008L2
CHALL009L1,2220,904,L1,45 Francis,HALL,Hallway 9 Floor L1,Hallway C009L1
CHALL009L2,1730,849,L2,Tower,HALL,Hallway 9 Floor L2,Hallway C009L2
CHALL010L1,2265,904,L1,45 Francis,HALL,Hallway 10 Floor L1,Hallway C010L1
CHALL010L2,2130,849,L2,Tower,HALL,Hallway 10 Floor L2,Hallway C010L2
CHALL011L1,2360,849,L1,45 Francis,HALL,Hallway 11 Floor L1,Hallway C011L1
CHALL012L1,2130,904,L1,45 Francis,HALL,Hallway 12 Floor L1,Hallway C012L1
CHALL013L1,2130,844,L1,45 Francis,HALL,Hallway 13 Floor L1,Hallway C013L1
CHALL014L1,1845,924,L1,Tower,HALL,Hallway 14 Floor L1,Hallway C014L1
CHALL015L1,2300,849,L1,45 Francis,HALL,Hallway 15 Floor L1,Hallway C015L1
CLABS001L1,1965,1284,L1,Tower,LABS,Outpatient Fluoroscopy Floor L1,Lab C001L1
CLABS001L2,2300,854,L2,45 Francis,LABS,Radiation Oncology TX Suite Floor L2,Lab C001L2
CLABS002L1,1750,1090,L1,Tower,LABS,Pre-Op PACU Floor L1,Lab C002L1
CLABS002L2,2215,1280,L2,45 Francis,LABS,Radiation Oncology Floor L2,Lab C002L2
CLABS003L1,2290,1284,L1,45 Francis,LABS,Nuclear Medicine Floor L1,Lab C003L1
CLABS004L1,2320,1284,L1,45 Francis,LABS,Ultrasound Floor L1,Lab C004L1
CLABS005L1,2770,1284,L1,45 Francis,LABS,CSIR MRI Floor L1,Lab C005L1
CREST001L1,1732,1019,L1,Tower,REST,Restroom L Elevator Floor L1,Restroom C001L1
CREST001L2,2300,884,L2,45 Francis,REST,Restroom K Elevator Floor L2,Restroom C001L2
CREST002L1,2065,1284,L1,Tower,REST,Restroom M Elevator Floor L1,Restroom C002L1
CREST002L2,1930,1280,L2,45 Francis,REST,Restroom L Elevator Floor L2,Restroom C002L2
CREST003L1,2300,879,L1,45 Francis,REST,Restroom K Elevator Floor L1,Restroom C003L1
CREST004L1,2770,1160,L1,45 Francis,REST,Restroom H Elevator Floor L1,Restroom C004L1
CRETL001L1,2185,904,L1,45 Francis,RETL,Vending Machine 1 L1,Retail C001L1
CSERV001L1,2490,1043,L1,45 Francis,SERV,Volunteers Floor L1,Service C001L1
CSERV001L2,2015,1280,L2,45 Francis,SERV,Interpreter Services Floor L2,Service C001L2
DCONF00102,4595,550,2,15 Francis,CONF,Carrie M. Hall Conference Center Floor 2,Conference Center
DDEPT00102,4330,700,2,15 Francis,DEPT,Chest Diseases Floor 2,Chest Diseases
DDEPT00202,4240,730,2,15 Francis,DEPT,Thoracic Surgery Clinic Floor 2,Thoracic Surgery Clinic
DDEPT00302,3900,640,2,15 Francis,DEPT,Brigham Health Floor 2,Brigham Health
DDEPT00402,3425,870,2,15 Francis,DEPT,Waiting Room Floor 2,Waiting Room
DELEV00A02,4550,375,2,15 Francis,ELEV,Elevator A Floor 2,Elevator A2
DELEV00B02,4155,650,2,15 Francis,ELEV,Elevator B Floor 2,Elevator B2
DELEV00C02,3955,885,2,15 Francis,ELEV,Elevator C Floor 2,Elevator C2
DELEV00D02,3475,760,2,15 Francis,ELEV,Elevator D Floor 2,Elevator D2
DEXIT00102,4295,750,2,15 Francis,EXIT,15 Lobby Entrance Floor 2,15 Lobby Entrance
DHALL00102,4770,1140,2,15 Francis,HALL,Hallway 1 Floor 2,Hallway D0102
DHALL00202,4750,1080,2,15 Francis,HALL,Hallway 2 Floor 2,Hallway D0202
DHALL00302,4725,995,2,15 Francis,HALL,Hallway 3 Floor 2,Hallway D0302
DHALL00402,4785,975,2,15 Francis,HALL,Hallway 4 Floor 2,Hallway D0402
DHALL00502,4705,925,2,15 Francis,HALL,Hallway 5 Floor 2,Hallway D0502
DHALL00602,4690,870,2,15 Francis,HALL,Hallway 6 Floor 2,Hallway D0602
DHALL00702,4675,820,2,15 Francis,HALL,Hallway 7 Floor 2,Hallway D0702
DHALL00802,4660,770,2,15 Francis,HALL,Hallway 8 Floor 2,Hallway D0802
DHALL00902,4635,680,2,15 Francis,HALL,Hallway 9 Floor 2,Hallway D0902
DHALL01002,4625,650,2,15 Francis,HALL,Hallway 10 Floor 2,Hallway D1002
DHALL01102,4605,655,2,15 Francis,HALL,Hallway 11 Floor 2,Hallway D1102
DHALL01202,4570,555,2,15 Francis,HALL,Hallway 12 Floor 2,Hallway D1202
DHALL01302,4545,460,2,15 Francis,HALL,Hallway 13 Floor 2,Hallway D1302
DHALL01402,4570,455,2,15 Francis,HALL,Hallway 14 Floor 2,Hallway D1402
DHALL01502,4555,390,2,15 Francis,HALL,Hallway 15 Floor 2,Hallway D1502
DHALL01602,4480,580,2,15 Francis,HALL,Hallway 16 Floor 2,Hallway D1602
DHALL01702,4390,605,2,15 Francis,HALL,Hallway 17 Floor 2,Hallway D1702
DHALL01802,4385,585,2,15 Francis,HALL,Hallway 18 Floor 2,Hallway D1802
DHALL01902,4340,625,2,15 Francis,HALL,Hallway 19 Floor 2,Hallway D1902
DHALL02002,4310,585,2,15 Francis,HALL,Hallway 20 Floor 2,Hallway D2002
DHALL02102,4295,530,2,15 Francis,HALL,Hallway 21 Floor 2,Hallway D2102
DHALL02202,4280,475,2,15 Francis,HALL,Hallway 22 Floor 2,Hallway D2202
DHALL02302,4270,440,2,15 Francis,HALL,Hallway 23 Floor 2,Hallway D2302
DHALL02402,4280,435,2,15 Francis,HALL,Hallway 24 Floor 2,Hallway D2402
DHALL02502,4290,470,2,15 Francis,HALL,Hallway 25 Floor 2,Hallway D2502
DHALL02602,4270,650,2,15 Francis,HALL,Hallway 26 Floor 2,Hallway D2602
DHALL02702,4285,715,2,15 Francis,HALL,Hallway 27 Floor 2,Hallway D2702
DHALL02802,4220,660,2,15 Francis,HALL,Hallway 28 Floor 2,Hallway D2802
DHALL02902,4185,665,2,15 Francis,HALL,Hallway 29 Floor 2,Hallway D2902
DHALL03002,4140,680,2,15 Francis,HALL,Hallway 30 Floor 2,Hallway D3002
DHALL03102,4130,650,2,15 Francis,HALL,Hallway 31 Floor 2,Hallway D3102
DHALL03202,4020,715,2,15 Francis,HALL,Hallway 32 Floor 2,Hallway D3202
DHALL03302,4000,645,2,15 Francis,HALL,Hallway 33 Floor 2,Hallway D3302
DHALL03402,3925,740,2,15 Francis,HALL,Hallway 34 Floor 2,Hallway D3402
DHALL03502,3945,790,2,15 Francis,HALL,Hallway 35 Floor 2,Hallway D3502
DHALL03602,3955,830,2,15 Francis,HALL,Hallway 36 Floor 2,Hallway D3602
DHALL03702,3965,860,2,15 Francis,HALL,Hallway 37 Floor 2,Hallway D3702
DHALL03802,3970,880,2,15 Francis,HALL,Hallway 38 Floor 2,Hallway D3802
DHALL03902,3980,910,2,15 Francis,HALL,Hallway 39 Floor 2,Hallway D3902
DHALL04002,3910,685,2,15 Francis,HALL,Hallway 40 Floor 2,Hallway D4002
DHALL04102,3875,560,2,15 Francis,HALL,Hallway 41 Floor 2,Hallway D4102
DHALL04202,3870,540,2,15 Francis,HALL,Hallway 42 Floor 2,Hallway D4202
DHALL04302,3865,750,2,15 Francis,HALL,Hallway 43 Floor 2,Hallway D4302
DHALL04402,3860,725,2,15 Francis,HALL,Hallway 44 Floor 2,Hallway D4402
DHALL04502,3775,745,2,15 Francis,HALL,Hallway 45 Floor 2,Hallway D4502
DHALL04602,3825,760,2,15 Francis,HALL,Hallway 46 Floor 2,Hallway D4602
DHALL04702,3745,780,2,15 Francis,HALL,Hallway 47 Floor 2,Hallway D4702
DHALL04802,3655,805,2,15 Francis,HALL,Hallway 48 Floor 2,Hallway D4802
DHALL04902,3645,775,2,15 Francis,HALL,Hallway 49 Floor 2,Hallway D4902
DHALL05002,3630,810,2,15 Francis,HALL,Hallway 50 Floor 2,Hallway D5002
DHALL05102,3575,825,2,15 Francis,HALL,Hallway 51 Floor 2,Hallway D5102
DHALL05202,3555,730,2,15 Francis,HALL,Hallway 52 Floor 2,Hallway D5202
DHALL05302,3525,840,2,15 Francis,HALL,Hallway 53 Floor 2,Hallway D5302
DHALL05402,3490,845,2,15 Francis,HALL,Hallway 54 Floor 2,Hallway D5402
DHALL05502,3450,850,2,15 Francis,HALL,Hallway 55 Floor 2,Hallway D5502
DHALL05602,3440,800,2,15 Francis,HALL,Hallway 56 Floor 2,Hallway D5602
DHALL05702,3480,790,2,15 Francis,HALL,Hallway 57 Floor 2,Hallway D5702
DHALL05802,3510,790,2,15 Francis,HALL,Hallway 58 Floor 2,Hallway D5802
DHALL05902,3420,850,2,15 Francis,HALL,Hallway 59 Floor 2,Hallway D5902
DHALL06002,4330,580,2,15 Francis,HALL,Hallway 60 Floor 2,Hallway D6002
DINFO00102,4210,630,2,15 Francis,INFO,15 Francis Security Desk Floor 2,Information Desk
DINFO00202,3490,825,2,15 Francis,INFO,Security Desk Thorn Floor 2,Security Desk
DLABS00102,3830,775,2,15 Francis,LABS,MRI Associates Floor 2,MRI Associates
DREST00102,4125,625,2,15 Francis,REST,Restroom B elevator Floor 2,Restroom B
DREST00202,3895,695,2,15 Francis,REST,Restroom C elevator Floor 2,Restroom C
DREST00302,3635,830,2,15 Francis,REST,Restroom C-D elevator Floor 2,Restroom C-D
DREST00402,3525,850,2,15 Francis,REST,Restroom D elevator Floor 2,Restroom D
DRETL00102,4270,480,2,15 Francis,RETL,Pats Place Floor 2,Pats Place
DSTAI00102,4650,675,2,15 Francis,STAI,Staircase1 Floor2,Staircase1
DSTAI00202,4320,550,2,15 Francis,STAI,Staircase2 Floor2,Staircase2
DSTAI00302,4250,440,2,15 Francis,STAI,Staircase3 Floor2,Staircase3
DSTAI00402,4175,620,2,15 Francis,STAI,Staircase4 Floor2,Staircase4
DSTAI00502,4065,630,2,15 Francis,STAI,Staircase5 Floor2,Staircase5
DSTAI00602,3950,865,2,15 Francis,STAI,Staircase6 Floor2,Staircase6
DSTAI00702,3855,565,2,15 Francis,STAI,Staircase7 Floor2,Staircase7
DSTAI00802,3535,645,2,15 Francis,STAI,Staircase8 Floor2,Staircase8
EDEPT00101,2335,860,1,45 Francis,DEPT,Waiting Room 1 Floor 1,Wait 1
EDEPT00201,3100,890,1,45 Francis,DEPT,Wound and Ambulatory 1,WCCAT 1
EDEPT00301,3200,880,1,45 Francis,DEPT,Ocupational Health Floor 1,Ocupational 1
EDEPT00401,2790,1380,1,45 Francis,DEPT,Rehabilitation Services Floor 1,Rehab 1
EEXIT00101,2275,785,1,45 Francis,EXIT,Ambulance Parking Exit Floor 1,AmbExit 1
EEXIT00201,2950,705,1,45 Francis,EXIT,Exit 2 Floor 1,Exit 2
EHALL00301,2240,910,1,45 Francis,HALL,Hallway Node 1 Floor 1,Hall 01
EHALL00401,2275,910,1,45 Francis,HALL,Hallway Node 2 Floor 1,HallE02
EHALL00501,2290,910,1,45 Francis,HALL,Hallway Node 3 Floor 1,HallE03
EHALL00601,2385,910,1,45 Francis,HALL,Hallway Node 4 Floor 1,HallE04
EHALL00701,2385,860,1,45 Francis,HALL,Hallway Node 5 Floor 1,HallE05
EHALL00801,2460,910,1,45 Francis,HALL,Hallway Node 6 Floor 1,HallE06
EHALL00901,2585,910,1,45 Francis,HALL,Hallway Node 7 Floor 1,HallE07
EHALL01001,2585,890,1,45 Francis,HALL,Hallway Node 8 Floor 1,HallE08
EHALL01101,2610,910,1,45 Francis,HALL,Hallway Node 9 Floor 1,HallE09
EHALL01201,2610,954,1,45 Francis,HALL,Hallway Node 10 Floor 1,HallE10
EHALL01301,2660,954,1,45 Francis,HALL,Hallway Node 11 Floor 1,HallE11
EHALL01401,2660,979,1,45 Francis,HALL,Hallway Node 12 Floor 1,HallE12
EHALL01501,2675,910,1,45 Francis,HALL,Hallway Node 13 Floor 1,HallE13
EHALL01601,2910,910,1,45 Francis,HALL,Hallway Node 14 Floor 1,HallE14
EHALL01701,2910,907,1,45 Francis,HALL,Hallway Node 15 Floor 1,HallE15
EHALL01801,2925,910,1,45 Francis,HALL,Hallway Node 16 Floor 1,HallE16
EHALL01901,2960,900,1,45 Francis,HALL,Hallway Node 17 Floor 1,HallE17
EHALL02001,2950,745,1,45 Francis,HALL,Hallway Node 18 Floor 1,HallE18
EHALL02101,3230,880,1,45 Francis,HALL,Hallway Node 19 Floor 1,HallE19
EHALL02201,3270,875,1,45 Francis,HALL,Hallway Node 20 Floor 1,HallE20
EHALL02301,3325,870,1,45 Francis,HALL,Hallway Node 21 Floor 1,HallE21
EHALL02401,2770,1010,1,45 Francis,HALL,Hallway Node 22 Floor 1,HallE22
EHALL02501,2925,980,1,45 Francis,HALL,Hallway Node 23 Floor 1,HallE23
EHALL02601,3085,980,1,45 Francis,HALL,Hallway Node 24 Floor 1,HallE24
EHALL02701,3085,1000,1,45 Francis,HALL,Hallway Node 25 Floor 1,HallE25
EHALL02801,2925,1050,1,45 Francis,HALL,Hallway Node 26 Floor 1,HallE26
EHALL02901,2770,1070,1,45 Francis,HALL,Hallway Node 27 Floor 1,HallE27
EHALL03001,2790,1070,1,45 Francis,HALL,Hallway Node 28 Floor 1,HallE28
EHALL03101,2790,1460,1,45 Francis,HALL,Hallway Node 29 Floor 1,HallE29
EHALL03201,2670,1380,1,45 Francis,HALL,Hallway Node 30 Floor 1,HallE30
EHALL03301,2605,1380,1,45 Francis,HALL,Hallway Node 31 Floor 1,HallE31
EHALL03401,2835,1460,1,45 Francis,HALL,Hallway Node 32 Floor 1,HallE32
EHALL03501,2760,1460,1,45 Francis,HALL,Hallway Node 33 Floor 1,HallE33
EHALL03601,2760,1405,1,45 Francis,HALL,Hallway Node 34 Floor 1,HallE34
EINFO00101,2460,850,1,45 Francis,INFO,Connors Center Security Desk Floor 1,Security 1
ELABS00101,3050,730,1,45 Francis,LABS,Asthma Research Floor 1,Asthma 1
ELABS00201,2790,1290,1,45 Francis,LABS,Ambulatory X-Ray Floor 1,X-Ray 1
EREST00101,2950,730,1,45 Francis,REST,Restroom G1 Floor 1,Restroom G1
EREST00201,2985,980,1,45 Francis,REST,Restroom F1 Floor 1,Restroom F1
EREST00301,2790,1190,1,45 Francis,REST,Restroom H1 Floor 1,Restroom H1
ESTAI00101,2190,910,1,45 Francis,STAI,Staircase K1 Floor 1,Stair K1
ESTAI00201,2275,830,1,45 Francis,STAI,Staircase J1 Floor 1,Stair J1
ESTAI00301,2790,1155,1,45 Francis,STAI,Staircase H1 Floor 1,Stair H1
ESTAI00401,2605,1340,1,45 Francis,STAI,Staircase H2 Floor 1,Stair H2
FDEPT00101,1617,825,1,Tower,DEPT,Center for International Medicine,CIM
FDEPT00201,1610,1120,1,Tower,DEPT,Bretholtz Center for Patients and Families,Bretholtz WR
FDEPT00301,1721,931,1,Tower,DEPT,Multifaith Chapel,Chapel
FDEPT00401,1794,1146,1,Tower,DEPT,Sharf Admitting Center,Sharf Center
FDEPT00501,2128,1300,1,Tower,DEPT,Emergency Department,Emergency
FDEPT00601,1780,1029,1,Tower,DEPT,International Patient Center,IPC
FEXIT00101,2017,799,1,Tower,EXIT,Shattuck Street Lobby Exit,Shattuck St. Exit
FEXIT00201,1748,1321,1,Tower,EXIT,75 Francis Valet Drop-off,75 Francis Exit
FEXIT00301,2099,1357,1,Tower,EXIT,Emergency Department Entrance,Emergency Entrance
FHALL00101,2055,910,1,Tower,HALL,Lower Pike Hallway Exit Lobby,Hallway F00101
FHALL00201,2026,910,1,Tower,HALL,Lobby Shattuck Street,Hallway F00201
FHALL00301,2017,910,1,Tower,HALL,Shattuck Street Lobby 1,Hallway F00301
FHALL00401,1973,910,1,Tower,HALL,Shattuck Street Lobby 2,Hallway F00401
FHALL00501,1950,910,1,Tower,HALL,Shattuck Street Lobby 3,Hallway F00501
FHALL00601,1869,930,1,Tower,HALL,Tower Lobby Entrance 1,Tower Entrance
FHALL00701,1758,930,1,Tower,HALL,Tower Elevator Entrance,Hallway F00701
FHALL00801,1758,850,1,Tower,HALL,Tower Hallway 1,Hallway F00801
FHALL00901,1627,850,1,Tower,HALL,Tower Hallway 2,Hallway F00901
FHALL01001,1627,802,1,Tower,HALL,Tower Hallway 3,Hallway F01001
FHALL01101,1627,930,1,Tower,HALL,Tower Hallway 4,Hallway F01101
FHALL01201,1548,930,1,Tower,HALL,Tower Staff Entrance,Hallway F01201
FHALL01301,1627,825,1,Tower,HALL,Tower Hallway 5,Hallway F01301
FHALL01401,1627,1029,1,Tower,HALL,Tower Hallway 6,Hallway F01401
FHALL01501,1627,1060,1,Tower,HALL,Tower Hallway 7,Hallway F01501
FHALL01601,1758,1060,1,Tower,HALL,Tower Hallway 8,Hallway F01601
FHALL01701,1721,956,1,Tower,HALL,Tower Hallway 9,Hallway F01701
FHALL01801,1758,956,1,Tower,HALL,Tower Hallway 10,Hallway F01801
FHALL01901,1758,1120,1,Tower,HALL,Tower Hallway 11,Hallway F01901
FHALL02001,1700,1120,1,Tower,HALL,Tower Hallway 12,Hallway F02001
FHALL02101,1769,1146,1,Tower,HALL,Tower Hallway Entrance,Tower Entrance 2
FHALL02201,1769,1280,1,Tower,HALL,Hallway Lobby Entrance,Entrance Hallway
FHALL02301,1845,1280,1,Tower,HALL,Lobby Hallway 1,Hallway F02301
FHALL02401,1965,1280,1,Tower,HALL,Lobby Hallway 2,Hallway F02401
FHALL02501,1965,1239,1,Tower,HALL,Lobby Hallway 3,Hallway F02501
FHALL02601,2026,1239,1,Tower,HALL,Lobby Hallway 4,Hallway F02601
FHALL02701,2066,1239,1,Tower,HALL,Lobby Hallway 7,Hallway F02701
FHALL02801,1748,1280,1,Tower,HALL,Lobby Entrance Hallway,HallwayF02801
FHALL02901,1700,1280,1,Tower,HALL,75 Lobby,75 Lobby
FHALL03001,1645,1246,1,Tower,HALL,Lobby Hallway 5,Hallway F02701
FHALL03101,2026,976,1,Tower,HALL,Lobby Hallway 6,Hallway F02801
FHALL03201,1758,1029,1,Tower,HALL,Tower Hallway 13,Hallway F03201
FHALL03301,2066,1282,1,Tower,HALL,Emergency Hallway,Hallway F03301
FINFO00101,1700,1226,1,Tower,INFO,75 Lobby Information Desk,Lobby Info Desk
FLABS00101,1845,1250,1,Tower,LABS,Obstetrics Admitting,Obs Admitting
FREST00101,2091,976,1,Tower,REST,Bathroom 75 Lobby,Bathroom Lobby
FRETL00101,1973,844,1,Tower,RETL,Lobby Vending Machine,VM Lobby
FRETL00201,1609,1246,1,Tower,RETL,Au Bon Pain,ABP
FSERV00101,1950,871,1,Tower,SERV,Shattuck Street Lobby ATM,Lobby ATM
FSERV00201,1605,1029,1,Tower,SERV,Tower Medical Cashier,Tower Cashier
FSERV00301,1700,1158,1,Tower,SERV,Kessler Library,Kessler Library
FSERV00401,1721,970,1,Tower,DEPT,Spiritual Care Office,SCO
FSERV00501,1645,1280,1,Tower,SERV,75 Lobby Valet Cashier,Valet Cashier
FSTAI00101,2026,892,1,Tower,STAI,Lobby Shattuck Street Stairs,Stairway F00101
FSTAI00201,1673,802,1,Tower,STAI,Tower Stairway 1,Tower Stairs 1
FSTAI00301,1947,1239,1,Tower,STAI,Lobby Escalator,Lobby Escalator
GCONF02001,1493,2117,1,Shapiro,CONF,Shapiro Board Room MapNode 20 Floor 1,Shapiro Board Room
GDEPT00403,1580,2142,3,Shapiro,DEPT,Brigham Circle Medical Associates Node 4 Floor 3,Brigham Circle Medical Associates
GDEPT00702,1341,1778,2,Shapiro,DEPT,Waiting room? Node 7 Floor 2,Waiting Area Shapiro Floor 2
GDEPT01403,1580,1904,3,Shapiro,DEPT,Watkins Clinic C Node 14 Floor 3,Watkins Clinic C
GDEPT01901,1566,2139,1,Shapiro,DEPT,Zinner Breakout Room MapNode 19 Floor 1,Zinner Breakout Room
GDEPT02402,1578,1932,2,Shapiro,DEPT,Watkins A Node 24 Floor 2 Floor 2,Watkins A
GDEPT03502,1580,2166,2,Shapiro,DEPT,Watkins B Node 35 Floor 2,Watkins B
GELEV00N01,1647,1930,1,Shapiro,ELEV,Elevator N MapNode 26 Floor 1,Hall
GELEV00N02,1630,1931,2,Shapiro,ELEV,Elevator N Node 25 Floor 2,Elevator N Floor 1
GELEV00N03,1628,1904,3,Shapiro,ELEV,Elevator N Node 15 Floor 3,Elevator N Floor 3
GELEV00Q01,1648,2161,1,Shapiro,ELEV,Elevator Q MapNode 18 Floor 1,Elevator Q Floor 1
GELEV00Q02,1628,2102,2,Shapiro,ELEV,Elevator Q Node 31a Floor 2,Elevator Q Floor 2
GELEV00Q03,1628,2142,3,Shapiro,ELEV,Elevator Q Node 5 Floor 3,Elevator Q Floor 3
GELEV00QL1,1637,2116,L1,Shapiro,ELEV,Elevator Q MapNode 7 Floor L1,Elevator Q L1
GELEV00QL2,1625,2089,L2,Shapiro,ELEV,Elevator Q MapNode 6 Floor L2,Elevator Q L2
GEXIT00101,1751,1825,1,Shapiro,EXIT,Francis Street Exit MapNode 1 Floor 1,Francis Street Exit Floor 1
GEXIT001L1,1702,2260,L1,Shapiro,EXIT,Fenwood Road Exit MapNode 1 Floor L1,Fenwood Road EntranceExit L1
GHALL00102,1170,1780,2,Shapiro,HALL,Hall Node 1 Floor 2,Hall
GHALL00103,1562,2230,3,Shapiro,HALL,Hallway Node 1 Floor 3,Hall
GHALL001L2,1730,1584,L2,Shapiro,HALL,Hallway MapNode 1 Floor L2,Hall
GHALL00201,1722,1832,1,Shapiro,HALL,Hallway MapNode 2 Floor 1,Hall
GHALL00202,1168,1820,2,Shapiro,HALL,Hall Node 2 Floor 2,Hall
GHALL00203,1580,2230,3,Shapiro,HALL,Hallway Node 2 Floor 3,Hall
GHALL002L1,1702,2167,L1,Shapiro,HALL,Hallway MapNode 2 Floor L1,Hall
GHALL00301,1705,1831,1,Shapiro,HALL,Hallway MapNode 3 Floor 1,Hall
GHALL00302,1231,1781,2,Shapiro,HALL,Hall Node 3 Floor 2,Hall
GHALL00303,1580,2180,3,Shapiro,HALL,Hallway Node 3 Floor 3,Hall
GHALL003L1,1688,2167,L1,Shapiro,HALL,Hallway MapNode 3 Floor L1,Hall
GHALL00402,1230,1820,2,Shapiro,HALL,Hall Node 4 Floor 2,Hall
GHALL004L1,1666,2167,L1,Shapiro,HALL,Hallway MapNode 4 Floor L1,Hall
GHALL00502,1283,1781,2,Shapiro,HALL,Hall Node 5 Floor 2,Hall
GHALL005L1,1688,2131,L1,Shapiro,HALL,Hallway MapNode 5 Floor L1,Hall
GHALL005L2,1642,2089,L2,Shapiro,HALL,Hallway MapNode 5 Floor L2,Hall
GHALL00601,1707,2015,1,Shapiro,HALL,Hallway MapNode 6 Floor 1,Hall
GHALL00603,1685,2142,3,Shapiro,HALL,Hallway Node 6 Floor 3,Hall
GHALL006L1,1665,2116,L1,Shapiro,HALL,Hallway MapNode 6 Floor L1,Hall
GHALL00701,1708,2092,1,Shapiro,HALL,Hallway MapNode 7 Floor 1,Hall
GHALL00703,1685,2230,3,Shapiro,HALL,Hallway Node 7 Floor 3,Hall
GHALL007L2,1578,2089,L2,Shapiro,HALL,Hallway MapNode 7 Floor L2,Hall
GHALL00801,1707,2152,1,Shapiro,HALL,Hallway MapNode 8 Floor 1,Hall
GHALL00803,1685,2106,3,Shapiro,HALL,Hallway Node 8 Floor 3,Hall
GHALL008L2,1577,2195,L2,Shapiro,HALL,Hallway MapNode 8 Floor L2,Hall
GHALL00901,1707,2164,1,Shapiro,HALL,Hallway MapNode 9 Floor 1,Hall
GHALL009L2,1578,2031,L2,Shapiro,HALL,Hallway MapNode 9 Floor L2,Hall
GHALL01001,1673,2165,1,Shapiro,HALL,Hallway MapNode 10 Floor 1,Hall
GHALL01002,1340,1820,2,Shapiro,HALL,Hall Node 10 Floor 2,Hall
GHALL01003,1580,2070,3,Shapiro,HALL,Hallway Node 10 Floor 3,Hall
GHALL010L2,1550,2031,L2,Shapiro,HALL,Hallway MapNode 10 Floor L2,Hall
GHALL01102,1396,1781,2,Shapiro,HALL,Hall Node 11 Floor 2,Hall
GHALL01103,1628,2070,3,Shapiro,HALL,Hallway Node 11 Floor 3,Hall
GHALL011L2,1550,1966,L2,Shapiro,HALL,Hallway MapNode 11 Floor L2,Hall
GHALL01202,1395,1820,2,Shapiro,HALL,Hall Node 12 Floor 2,Hall
GHALL012L2,1512,1966,L2,Shapiro,HALL,Hallway MapNode 12 Floor L2,Hall
GHALL01302,1450,1781,2,Shapiro,HALL,Hall Node 13 Floor 2,Hall
GHALL01303,1580,2006,3,Shapiro,HALL,Hallway Node 13 Floor 3,Hall
GHALL013L2,1512,1909,L2,Shapiro,HALL,Hallway MapNode 13 Floor L2,Hall
GHALL01401,1749,2151,1,Shapiro,HALL,Hallway MapNode 14 Floor 1,Hall
GHALL01402,1450,1820,2,Shapiro,HALL,Hall Node 14 Floor 2,Hall
GHALL01501,1749,2224,1,Shapiro,HALL,Hallway MapNode 15 Floor 1,Hall
GHALL01502,1502,1781,2,Shapiro,HALL,Hall Node 15 Floor 2,Hall
GHALL01601,1689,2225,1,Shapiro,HALL,Hallway MapNode 16 Floor 1,Hall
GHALL01602,1502,1820,2,Shapiro,HALL,Hall Node 16 Floor 2,Hall
GHALL016L2,1512,1701,L2,Shapiro,HALL,Hallway MapNode 16 Floor L2,Hall
GHALL01701,1605,2093,1,Shapiro,HALL,Hallway MapNode 17 Floor 1,Hall
GHALL01702,1578,1820,2,Shapiro,HALL,Hall Node 17 (Exit?) Floor 2,Hall
GHALL017L2,1512,1539,L2,Shapiro,HALL,Hallway MapNode 17 Floor L2,Hall
GHALL01802,1630,1801,2,Shapiro,HALL,Hall Node 18 Floor 2,Hall
GHALL02002,1684,1801,2,Shapiro,HALL,Hall Node 20 Floor 2,Hall
GHALL02101,1600,1830,1,Shapiro,HALL,Hallway MapNode 21 Floor 1,Hall
GHALL02102,1683,1821,2,Shapiro,HALL,Hall Node 21 Floor 2,Hall
GHALL02201,1601,1866,1,Shapiro,HALL,Hallway MapNode 22 Floor 1,Hall
GHALL02202,1720,1801,2,Shapiro,HALL,Hall Node 22 Floor 2,Hall
GHALL02302,1726,1835,2,Shapiro,HALL,Hall Node 23 Floor 2,Hall
GHALL02401,1602,1928,1,Shapiro,HALL,Hallway MapNode 24 Floor 1,Hall
GHALL02702,1726,1930,2,Shapiro,HALL,Hall Node 27 Floor 2,Hall
GHALL02801,1270,1830,1,Shapiro,HALL,Hallway MapNode 28 Floor 1,Hall
GHALL02901,1262,1850,1,Shapiro,HALL,Hallway MapNode 29 Floor 1,Hall
GHALL02902,1728,2042,2,Shapiro,HALL,Hall Node 29 Floor 2,Hall
GHALL03001,1256,1858,1,Shapiro,HALL,Hallway MapNode 30 Floor 1,Hall
GHALL03002,1580,2090,2,Shapiro,HALL,Hall Node 30 Floor 2,Hall
GHALL03101,1227,1859,1,Shapiro,HALL,Hallway MapNode 31 Floor 1,Hall
GHALL03202,1684,2091,2,Shapiro,HALL,Hall Node 32 Floor 2,Hall
GHALL03301,1255,1872,1,Shapiro,HALL,Hallway MapNode 33 Floor 1,Hall
GHALL03302,1692,2124,2,Shapiro,HALL,Hall Node 33 Floor 2,Hall
GHALL03401,1284,1872,1,Shapiro,HALL,Hallway MapNode 34 Floor 1,Hall
GHALL03402,1724,2123,2,Shapiro,HALL,Hall Node 34 Floor 2,Hall
GHALL03602,1580,2208,2,Shapiro,HALL,Hall Node 36 Floor 2,Hall
GHALL03702,1692,2211,2,Shapiro,HALL,Hall Node 37 Floor 2,Hall
GHALL03802,1726,2210,2,Shapiro,HALL,Hall Node 38 Floor 2,Hall
GINFO01902,1630,1821,2,Shapiro,INFO,Info Node 19 Floor 2,Information Center Shapiro Floor 2
GLABS003L2,1729,2089,L2,Shapiro,LABS,Cardiovascular Imaging Center Floor L2,Cardiovascular Imaging Center
GLABS014L2,1512,1844,L2,Shapiro,LABS,Cardiac Stress Test Lab Floor L2,Cardiac Stress Test Lab
GLABS015L2,1512,1811,L2,Shapiro,LABS,CVRR Floor L2,CVRR
GREST004L2,1680,2090,L2,Shapiro,REST,Restroom MapNode 4 Floor L2,Restroom Shapiro L2
GREST00602,1284,1821,2,Shapiro,REST,Restroom Node 6 Floor 2,Restroom 1 Shapiro Floor 2
GREST01201,1671,2015,1,Shapiro,REST,Bathroom MapNode 12 Floor 1,Restroom Shapiro Floor 1
GREST01203,1628,2052,3,Shapiro,REST,Restroom Node 12 Floor 3,Restroom Shapiro Floor 3
GREST03102,1628,2092,2,Shapiro,REST,Restroom Node 31 Floor 2,Handicap Accessible Restrooms Shapiro Floor 2
GRETL03501,1284,1884,1,Shapiro,REST,Random Room MapNode 35 Floor 1,Secret Room Floor 1
GSERV01603,1580,1858,3,Shapiro,SERV,The Porch Node 16 Floor 3,The Porch
GSERV02301,1600,1895,1,Shapiro,SERV,ATM MapNode 23 Floor 1,ATM Floor 1
GSTAI00501,1707,1992,1,Shapiro,STAI,Stairway MapNode 5 Floor 1,Northbound Stairs Floor 2
GSTAI008L1,1720,2131,L1,Shapiro,STAI,Stairs MapNode 8 Floor L1,L1 Stairs
GSTAI00903,1685,2052,3,Shapiro,STAI,Staircase Node 9 Floor 3,Floor 3 Stairs
GSTAI01301,1750,2014,1,Shapiro,STAI,Staircase MapNode 13 Floor 1,Southbound Stairs Floor 1
GSTAI02602,1686,1931,2,Shapiro,STAI,Stairs Node 26 Floor 2,Floor 2 Stairs Upper
GSTAI02802,1685,2041,2,Shapiro,STAI,Stairs Node 28 Floor 2,Floor 2 Stairs Lower
HBATH00102,1605,1008,2,Tower,BATH,Bathroom 1 Tower Floor 2,Bathroom 0102
HBATH00103,1785,830,3,Tower,BATH,Bathroom 1 Tower Floor 3,Bathroom 0103
HBATH00203,1750,985,3,Tower,BATH,Bathroom 2 Tower Floor 3,Bathroom 0203
HDEPT00102,2055,1330,2,Tower,DEPT,Endoscopy,Endoscopy
HDEPT00103,1725,900,3,Tower,DEPT,Dialysis Waiting Room,Dialysis WR
HDEPT00203,1690,830,3,Tower,DEPT,MICU 3BC Waiting Room,MICU 3BC WR
HHALL00102,1875,925,2,Tower,HALL,Hallway Connector 1 Floor 2,Hallway H00102
HHALL00103,1325,655,3,Tower,HALL,Hallway Connector 1 Floor 3,Hallway H00103
HHALL00202,1955,900,2,Tower,HALL,Hallway Connector 2 Floor 2,Hallway H00202
HHALL00203,1235,985,3,Tower,HALL,Hallway Connector 2 Floor 3,Hallway H00203
HHALL00302,2035,900,2,Tower,HALL,Hallway Connector 3 Floor 2,Hallway H00302
HHALL00303,1325,985,3,Tower,HALL,Hallway Connector 3 Floor 3,Hallway H00303
HHALL00402,1875,1025,2,Tower,HALL,Hallway Connector 4 Floor 2,Hallway H00402
HHALL00403,1325,1290,3,Tower,HALL,Hallway Connector 4 Floor 3,Hallway H00403
HHALL00502,1825,1025,2,Tower,HALL,Hallway Connector 5 Floor 2,Hallway H00502
HHALL00503,1680,1290,3,Tower,HALL,Hallway Connector 5 Floor 3,Hallway H00502
HHALL00602,1775,1080,2,Tower,HALL,Hallway Connector 6 Floor 2,Hallway H00602
HHALL00603,1735,925,3,Tower,HALL,Hallway Connector 6 Floor 3,Hallway H00603
HHALL00702,1740,1165,2,Tower,HALL,Hallway Connector 7 Floor 2,Hallway H00702
HHALL00703,1735,900,3,Tower,HALL,Hallway Connector 7 Floor 3,Hallway H00703
HHALL00802,1740,1230,2,Tower,HALL,Hallway Connector 8 Floor 2,Hallway H00802
HHALL00803,1735,865,3,Tower,HALL,Hallway Connector 8 Floor 3,Hallway H00803
HHALL00902,1740,1280,2,Tower,HALL,Hallway Connector 9 Floor 2,Hallway H00902
HHALL00903,1735,820,3,Tower,HALL,Hallway Connector 9 Floor 3,Hallway H00903
HHALL01002,2055,1280,2,Tower,HALL,Hallway Connector 10 Floor 2,Hallway H01002
HHALL01003,1785,820,3,Tower,HALL,Hallway Connector 10 Floor 3,Hallway H01003
HHALL01103,1690,820,3,Tower,HALL,Hallway Connector 11 Floor 3,Hallway H01103
HHALL01203,1600,820,3,Tower,HALL,Hallway Connector 12 Floor 3,Hallway H01203
HHALL01303,1600,1030,3,Tower,HALL,Hallway Connector 13 Floor 3,Hallway H01303
HHALL01403,1735,1030,3,Tower,HALL,Hallway Connector 14 Floor 3,Hallway H01403
HHALL01503,1735,985,3,Tower,HALL,Hallway Connector 15 Floor 3,Hallway H01503
HLABS00103,1235,865,3,Tower,LABS,Reproductive Endocrine Labs,Reproductive Endocrine Labs
HRETL00102,1935,860,2,Tower,RETL,Garden Cafe,Garden Cafe
HRETL00202,1615,1025,2,Tower,RETL,Vending Machine Floor 2?,Vending Machine
HRETL00302,1825,1080,2,Tower,RETL,Gift Shop Tower Floor 2,Gift Shop
HSERV00103,1750,865,3,Tower,SERV,Nursing Room,Nursing Room
HSTAI00102,2060,880,2,Tower,STAI,Stairwell 1 Floor 2,Stairwell 0102
HSTAI00103,1680,1275,3,Tower,STAI,Stairwell 1 Floor 3,Stairwell
HSTAI00202,1695,1165,2,Tower,STAI,Stairwell 2 Tower Floor 2,Stairwell 0202
HSTAI00302,1790,1230,2,Tower,STAI,Escalator 1 Floor 2,Escalator 1 Floor 2
IDEPT00103,2323,1328,3,45 Francis,DEPT,Center for Infertility and Reproductive Surgery,D1
IDEPT00203,2448,1328,3,45 Francis,DEPT,Gynecology Oncology MIGS,D2
IDEPT00303,2730,1315,3,45 Francis,DEPT,General Surgical Specialties Suite A,D3
IDEPT00403,2738,1227,3,45 Francis,DEPT,General Surgical Specialties Suite B,D4
IDEPT00503,2868,1075,3,45 Francis,DEPT,Urology,D5
IDEPT00603,2333,764,3,45 Francis,DEPT,Maternal Fetal Practice,D6
IDEPT00703,2400,764,3,45 Francis,DEPT,Obstetrics,D7
IDEPT00803,2492,887,3,45 Francis,DEPT,Fetal Med & Genetics,D8
IDEPT00903,2631,851,3,45 Francis,DEPT,Gynecology,D9
IHALL00103,2255,1290,3,45 Francis,HALL,Hallway Node 1,H1
IHALL00203,2323,1290,3,45 Francis,HALL,Hallway Node 2,H2
IHALL00303,2448,1290,3,45 Francis,HALL,Hallway Node 3,H3
IHALL00403,2570,1290,3,45 Francis,HALL,Hallway Node 4,H4
IHALL00503,2730,1290,3,45 Francis,HALL,Hallway Node 5,H5
IHALL00603,2772,1290,3,45 Francis,HALL,Hallway Node 6,H6
IHALL00703,2772,1227,3,45 Francis,HALL,Hallway Node 7,H7
IHALL00803,2772,1147,3,45 Francis,HALL,Hallway Node 8,H8
IHALL00903,2649,1075,3,45 Francis,HALL,Hallway Node 9,H9
IHALL01003,2772,1075,3,45 Francis,HALL,Hallway Node 10,H10
IHALL01103,2922,1075,3,45 Francis,HALL,Hallway Node 11,H11
IHALL01203,2220,1034,3,45 Francis,HALL,Hallway Node 12,H12
IHALL01303,2323,1034,3,45 Francis,HALL,Hallway Node 13,H13
IHALL01403,2323,993,3,45 Francis,HALL,Hallway Node 14,H14
IHALL01503,2220,944,3,45 Francis,HALL,Hallway Node 15,H15
IHALL01603,2252,851,3,45 Francis,HALL,Hallway Node 16,H16
IHALL01703,2323,851,3,45 Francis,HALL,Hallway Node 17,H17
IHALL01803,2362,851,3,45 Francis,HALL,Hallway Node 18,H18
IHALL01903,2492,851,3,45 Francis,HALL,Hallway Node 19,H19
IHALL02003,2597,851,3,45 Francis,HALL,Hallway Node 20,H20
IHALL02203,2362,764,3,45 Francis,HALL,Hallway Node 22,H22
IREST00103,2255,1255,3,45 Francis,REST,Restroom 1 - Family,R1
IREST00203,2570,1257,3,45 Francis,REST,Restroom 2,R2
IREST00303,2745,1147,3,45 Francis,REST,Restroom 3,R3
IREST00403,2300,1018,3,45 Francis,REST,Restroom 4 - M wheelchair,R4
IREST00503,2277,995,3,45 Francis,REST,Restroom 5 - F wheelchair,R5
PHALL00102,4300,630,2,45 Francis,HALL,Kiosk,HALL
WELEV00E01,3265,830,1,45 Francis,ELEV,Elevator E Floor 1,Elevator E1
WELEV00E02,3235,880,2,45 Francis,ELEV,Elevator E Floor 2,Elevator E2
WELEV00F01,3050,980,1,45 Francis,ELEV,Elevator F Floor 1,Elevator F1
WELEV00F02,3075,960,2,45 Francis,ELEV,Elevator F Floor 2,Elevator F2
WELEV00G01,2935,900,1,45 Francis,ELEV,Elevator G Floor 1,Elevator G1
WELEV00G02,2945,870,2,45 Francis,ELEV,Elevator G Floor 2,Elevator G2
WELEV00H01,2735,1070,1,45 Francis,ELEV,Elevator H Floor 1,Elevator H1
WELEV00H02,2725,1065,2,45 Francis,ELEV,Elevator H Floor 2,Elevator H2
WELEV00H03,2715,1075,3,45 Francis,ELEV,Elevator H Floor 3,Elevator H3
WELEV00HL1,2715,1070,L1,45 Francis,ELEV,Elevator H Floor L1,Elevator HL1
WELEV00J01,2385,810,1,45 Francis,ELEV,Elevator J Floor 1,Elevator J1
WELEV00J02,2385,800,2,45 Francis,ELEV,Elevator J Floor 2,Elevator J2
WELEV00J03,2365,800,3,45 Francis,ELEV,Elevator J Floor 3,Elevator J3
WELEV00JL1,2360,799,L1,45 Francis,ELEV,Elevator J Floor L1,Elevator JL1
WELEV00JL2,2360,804,L2,45 Francis,ELEV,Elevator J Floor L2,Elevator JL2
WELEV00K01,2240,985,1,45 Francis,ELEV,Elevator K Floor 1,Elevator K1
WELEV00K02,2240,965,2,45 Francis,ELEV,Elevator K Floor 2,Elevator K2
WELEV00K03,2220,985,3,45 Francis,ELEV,Elevator K Floor 3,Elevator K3
WELEV00KL1,2220,974,L1,45 Francis,ELEV,Elevator K Floor L1,Elevator KL1
WELEV00KL2,2215,974,L2,45 Francis,ELEV,Elevator K Floor L2,Elevator KL2
WELEV00L01,1810,930,1,Tower,ELEV,Elevator L Floor 1,Elevator L1
WELEV00L02,1805,925,2,Tower,ELEV,Elevator L Floor 2,Elevator L2
WELEV00L03,1790,925,3,Tower,ELEV,Elevator L Floor 3,Elevator L3
WELEV00LL1,1785,924,L1,Tower,ELEV,Elevator L Floor L1,Elevator LL1
WELEV00LL2,1785,924,L2,Tower,ELEV,Elevator L Floor L2,Elevator LL2
WELEV00M01,1810,1280,1,Tower,ELEV,Elevator M Floor 1,Elevator M1
WELEV00M02,1825,1280,2,Tower,ELEV,Elevator M Floor 2,Elevator M2
WELEV00M03,1815,1290,3,Tower,ELEV,Elevator M Floor 3,Elevator M3
WELEV00ML1,1820,1284,L1,Tower,ELEV,Elevator M Floor L1,Elevator ML1
WELEV00ML2,1820,1280,L2,Tower,ELEV,Elevator M Floor L2,Elevator ML2
WHALL00101,2160,910,1,45 Francis,HALL,Hallway Connector 1 Floor 1,Hallway W0101
WHALL00102,3345,865,2,45 Francis,HALL,Hallway Connector 1 Floor 2,Hallway W0102
WHALL00103,2060,1290,3,45 Francis,HALL,Hallway Connector 1 Floor 3,Hallway W0103
WHALL001L2,1745,1524,L2,Tower,HALL,Hallway Connector 1 Floor L2,Hallway W01L2
WHALL00201,2175,910,1,45 Francis,HALL,Hallway Connector 2 Floor 1,Hallway W0201
WHALL00202,3360,860,2,15 Francis,HALL,Hallway Connector 2 Floor 2,Hallway W0202
WHALL00203,2080,1290,3,45 Francis,HALL,Hallway Connector 2 Floor 3,Hallway W0203
WHALL002L2,1745,1539,L2,Shapiro,HALL,Hallway Connector 2 Floor L2,Hallway W02L2
WHALL00302,2085,900,2,45 Francis,HALL,Hallway Connector 3 Floor 2,Hallway W0302
WHALL00402,2105,900,2,45 Francis,HALL,Hallway Connector 4 Floor 2,Hallway W0402
WHALL00502,2085,1280,2,45 Francis,HALL,Hallway Connector 5 Floor 2,Hallway W0502
WHALL00602,2105,1280,2,45 Francis,HALL,Hallway Connector 6 Floor 2,Hallway W0602
WHALL00702,1740,1500,2,Tower,HALL,Hallway Connector 7 Floor 2,Hallway W0702
WHALL00802,1720,1745,2,Shapiro,HALL,Hallway Connector 8 Floor 2,Hallway W0802
WHALL00902,1690,2240,2,Shapiro,HALL,Hallway Connector 9 Floor 2,Hallway W0902
WHALL01002,1690,2455,2,BTM,HALL,Hallway Connector 10 Floor 2,Hallway W1002
BOOKRM001,494,598,BookableRoom,BookableRoom,BR,CONF1,MediumConferenceRoom1 
BOOKRM002,1097,473,BookableRoom,BookableRoom,BR,CONF2,SmallConferenceRoom1 
BOOKRM003,1037,733,BookableRoom,BookableRoom,BR,CONF3,MediumConferenceRoom2 
BOOKRM004,1037,952,BookableRoom,BookableRoom,BR,CONF4,MediumConferenceRoom3 
BOOKRM005,1222,982,BookableRoom,BookableRoom,BR,CONF5,SmallConferenceRoom2 
BOOKRM006,1419,762,BookableRoom,BookableRoom,BR,CONF6,LargeConferenceRoom1 
BOOKRM007,1628,869,BookableRoom,BookableRoom,BR,CONF7,LargeConferenceRoom2 
BOOKRM008,561,1338,BookableRoom,BookableRoom,BR,CONF8,SmallConferenceRoom3 
BOOKRM009,850,1238,BookableRoom,BookableRoom,BR,CONF9,SmallConferenceRoom4 
BOOKRM010,853,1592,BookableRoom,BookableRoom,BR,CONF10,SmallConferenceRoom5 
BOOKRM011,1449,1221,BookableRoom,BookableRoom,BR,CONF11,SmallConferenceRoom6 
BOOKRM012,1428,1365,BookableRoom,BookableRoom,BR,CONF12,SmallConferenceRoom7 
BOOKRM013,1974,1695,BookableRoom,BookableRoom,BR,CONF13,MediumConferenceRoom4 
BOOKRM014,2475,1947,BookableRoom,BookableRoom,BR,CONF14,LargeConferenceRoom3 
BOOKRM015,1687,2085,BookableRoom,BookableRoom,BR,CONF15,SmallConferenceRoom8 
BOOKRM016,1941,800,BookableRoom,BookableRoom,BR,COMP1,SmallComputerRoom1 
BOOKRM017,2181,872,BookableRoom,BookableRoom,BR,COMP2,MediumComputerRoom1 
BOOKRM018,2458,879,BookableRoom,BookableRoom,BR,COMP3,ExtraLargeComputerRoom1 
BOOKRM019,2943,879,BookableRoom,BookableRoom,BR,COMP4,LargeComputerRoom1 
BOOKRM020,3076,1248,BookableRoom,BookableRoom,BR,COMP5,LargeComputerRoom2
BOOKRM120,2496,1730,BookableRoom,BookableRoom,BR,COMP6,ExtraLargeComputerRoom2
BOOKRM021,3207,1796,BookableRoom,BookableRoom,BR,AMP,Amphitheater
BOOKRM022,1488,194,BookableRoom,BookableRoom,BR,D1,Desk1
BOOKRM023,1488,274,BookableRoom,BookableRoom,BR,D2,Desk2
BOOKRM024,1488,366,BookableRoom,BookableRoom,BR,D3,Desk3
BOOKRM025,1488,466,BookableRoom,BookableRoom,BR,D4,Desk4
BOOKRM026,1455,274,BookableRoom,BookableRoom,BR,D5,Desk5
BOOKRM028,1455,366,BookableRoom,BookableRoom,BR,D6,Desk6
BOOKRM029,1455,466,BookableRoom,BookableRoom,BR,D7,Desk7
BOOKRM030,526,240,BookableRoom,BookableRoom,BR,D8,Desk8
BOOKRM031,460,240,BookableRoom,BookableRoom,BR,D9,Desk9
BOOKRM032,400,240,BookableRoom,BookableRoom,BR,D10,Desk10
BOOKRM033,346,240,BookableRoom,BookableRoom,BR,D11,Desk11
BOOKRM034,526,270,BookableRoom,BookableRoom,BR,D12,Desk12
BOOKRM035,460,270,BookableRoom,BookableRoom,BR,D13,Desk13
BOOKRM036,400,270,BookableRoom,BookableRoom,BR,D14,Desk14
BOOKRM037,346,270,BookableRoom,BookableRoom,BR,D15,Desk15
BOOKRM038,526,388,BookableRoom,BookableRoom,BR,D16,Desk16
BOOKRM039,460,388,BookableRoom,BookableRoom,BR,D17,Desk17
BOOKRM040,400,388,BookableRoom,BookableRoom,BR,D18,Desk18
BOOKRM041,346,388,BookableRoom,BookableRoom,BR,D19,Desk19
BOOKRM042,526,422,BookableRoom,BookableRoom,BR,D20,Desk20
BOOKRM043,460,422,BookableRoom,BookableRoom,BR,D21,Desk21
BOOKRM044,400,422,BookableRoom,BookableRoom,BR,D22,Desk22
BOOKRM045,346,422,BookableRoom,BookableRoom,BR,D23,Desk23
BOOKRM046,230,248,BookableRoom,BookableRoom,BR,D24,Desk24
BOOKRM047,230,430,BookableRoom,BookableRoom,BR,D25,Desk25
BOOKRM048,230,628,BookableRoom,BookableRoom,BR,D26,Desk26
BOOKRM049,756,680,BookableRoom,BookableRoom,BR,D27,Desk27
BOOKRM050,756,756,BookableRoom,BookableRoom,BR,D28,Desk28
BOOKRM051,756,846,BookableRoom,BookableRoom,BR,D29,Desk29
BOOKRM052,756,932,BookableRoom,BookableRoom,BR,D30,Desk30
BOOKRM053,756,1028,BookableRoom,BookableRoom,BR,D31,Desk31
BOOKRM054,666,1344,BookableRoom,BookableRoom,BR,D32,Desk32
BOOKRM055,302,1296,BookableRoom,BookableRoom,BR,D33,Desk33
BOOKRM056,990,1260,BookableRoom,BookableRoom,BR,D34,Desk34
BOOKRM057,1064,1260,BookableRoom,BookableRoom,BR,D35,Desk35
BOOKRM058,1136,1260,BookableRoom,BookableRoom,BR,D36,Desk36
BOOKRM059,996,1508,BookableRoom,BookableRoom,BR,D37,Desk37
BOOKRM060,1062,1508,BookableRoom,BookableRoom,BR,D38,Desk38
BOOKRM061,1134,1508,BookableRoom,BookableRoom,BR,D39,Desk39
BOOKRM062,1202,1508,BookableRoom,BookableRoom,BR,D40,Desk40
BOOKRM063,948,1376,BookableRoom,BookableRoom,BR,D41,Desk41
BOOKRM064,994,1376,BookableRoom,BookableRoom,BR,D42,Desk42
BOOKRM065,1042,1376,BookableRoom,BookableRoom,BR,D43,Desk43
BOOKRM066,1082,1376,BookableRoom,BookableRoom,BR,D44,Desk44
BOOKRM068,1126,1376,BookableRoom,BookableRoom,BR,D45,Desk45
BOOKRM069,1172,1376,BookableRoom,BookableRoom,BR,D46,Desk46
BOOKRM070,948,1400,BookableRoom,BookableRoom,BR,D47,Desk47
BOOKRM071,994,1400,BookableRoom,BookableRoom,BR,D48,Desk48
BOOKRM072,1042,1400,BookableRoom,BookableRoom,BR,D49,Desk49
BOOKRM073,1082,1400,BookableRoom,BookableRoom,BR,D50,Desk50
BOOKRM074,1126,1400,BookableRoom,BookableRoom,BR,D51,Desk51
BOOKRM075,1172,1400,BookableRoom,BookableRoom,BR,D52,Desk52
BOOKRM076,1620,1192,BookableRoom,BookableRoom,BR,D53,Desk53
BOOKRM077,1620,1266,BookableRoom,BookableRoom,BR,D54,Desk54
BOOKRM078,1620,1342,BookableRoom,BookableRoom,BR,D55,Desk55
BOOKRM079,1620,1422,BookableRoom,BookableRoom,BR,D56,Desk56
BOOKRM080,1652,1192,BookableRoom,BookableRoom,BR,D57,Desk57
BOOKRM081,1652,1266,BookableRoom,BookableRoom,BR,D58,Desk58
BOOKRM082,1652,1342,BookableRoom,BookableRoom,BR,D59,Desk59
BOOKRM083,1652,1422,BookableRoom,BookableRoom,BR,D60,Desk60
BOOKRM084,1334,1540,BookableRoom,BookableRoom,BR,D61,Desk61
BOOKRM085,1396,1540,BookableRoom,BookableRoom,BR,D62,Desk62
BOOKRM086,1454,1540,BookableRoom,BookableRoom,BR,D63,Desk63
BOOKRM087,1580,1540,BookableRoom,BookableRoom,BR,D64,Desk64
BOOKRM088,1644,1540,BookableRoom,BookableRoom,BR,D65,Desk65
BOOKRM089,1704,1540,BookableRoom,BookableRoom,BR,D66,Desk66
BOOKRM090,1334,1574,BookableRoom,BookableRoom,BR,D67,Desk67
BOOKRM091,1396,1574,BookableRoom,BookableRoom,BR,D68,Desk68
BOOKRM092,1454,1574,BookableRoom,BookableRoom,BR,D69,Desk69
BOOKRM093,1580,1574,BookableRoom,BookableRoom,BR,D70,Desk70
BOOKRM094,1644,1574,BookableRoom,BookableRoom,BR,D71,Desk71
BOOKRM095,1704,1574,BookableRoom,BookableRoom,BR,D72,Desk72
BOOKRM096,1408,2044,BookableRoom,BookableRoom,BR,D73,Desk73
BOOKRM097,1846,2262,BookableRoom,BookableRoom,BR,D74,Desk74
BOOKRM098,1994,1896,BookableRoom,BookableRoom,BR,D75,Desk75
BOOKRM099,1994,1948,BookableRoom,BookableRoom,BR,D76,Desk76
BOOKRM100,1994,2012,BookableRoom,BookableRoom,BR,D77,Desk77
BOOKRM101,1994,2070,BookableRoom,BookableRoom,BR,D78,Desk78
BOOKRM102,2022,1896,BookableRoom,BookableRoom,BR,D79,Desk79
BOOKRM103,2022,1948,BookableRoom,BookableRoom,BR,D80,Desk80
BOOKRM104,2022,2012,BookableRoom,BookableRoom,BR,D81,Desk81
BOOKRM105,2022,2070,BookableRoom,BookableRoom,BR,D82,Desk82
BOOKRM106,2137,1896,BookableRoom,BookableRoom,BR,D83,Desk83
BOOKRM107,2137,1948,BookableRoom,BookableRoom,BR,D84,Desk84
BOOKRM108,2137,2012,BookableRoom,BookableRoom,BR,D85,Desk85
BOOKRM109,2137,2070,BookableRoom,BookableRoom,BR,D86,Desk86
BOOKRM110,2170,1896,BookableRoom,BookableRoom,BR,D87,Desk87
BOOKRM111,2170,1948,BookableRoom,BookableRoom,BR,D88,Desk88
BOOKRM112,2170,2012,BookableRoom,BookableRoom,BR,D89,Desk89
BOOKRM113,2170,2070,BookableRoom,BookableRoom,BR,D90,Desk90
BOOKRM027,1455,274,BookableRoom,BookableRoom,BR,D91,Desk91
BOOKRM114,2122,1687,BookableRoom,BookableRoom,BR,D92,Desk92
BOOKRM115,2122,1747,BookableRoom,BookableRoom,BR,D93,Desk93
BOOKRM116,2152,1687,BookableRoom,BookableRoom,BR,D94,Desk94
BOOKRM117,2152,1747,BookableRoom,BookableRoom,BR,D95,Desk95
BOOKRM118,2250,1684,BookableRoom,BookableRoom,BR,D96,Desk96
BOOKRM119,2250,1750,BookableRoom,BookableRoom,BR,D97,Desk97
4bc3e310-f5f9-4ffc-be8b-5c41047f32de,1960,1829,2,Flexible Workspace,ELEV,Elevator FWA Floor 2,Elevator FWA2
fd2b860f-2b57-491a-8d45-7791809c2dd2,2174,2661,2,Flexible Workspace,ELEV,Elevator FWB Floor 2,Elevator FWB2
c205a034-5a0d-4628-a9a9-04421680eda8,3320,2492,2,Flexible Workspace,ELEV,Elevator FWC Floor 2,Elevator FWC2
f7f2d128-6f40-4c93-89b8-53126e09da13,2425,2659,2,Flexible Workspace,HALL,Hallway Connector F2 01,Hallway F201
55ba1c0b-29de-40b6-877f-455c198b4a8d,2429,3020,2,Flexible Workspace,HALL,Hallway Connector F2 02,Hallway F202
f313ccdd-d298-426e-9762-5165718678cb,2429,3187,2,Flexible Workspace,HALL,Hallway Connector F2 03,Hallway F203
c5b8a675-0861-4409-ab20-191ed200eb77,3476,3020,2,Flexible Workspace,HALL,Hallway Connector F2 04,Hallway F204
c78172f7-fb19-418b-b441-e72a6f9a438a,3477,3151,2,Flexible Workspace,HALL,Hallway Connector F2 05,Hallway F205
5642276a-3ab1-4d23-98c4-ca89caa8e64d,3473,2831,2,Flexible Workspace,HALL,Hallway Connector F2 06,Hallway F206
7ee71578-461d-43be-acf9-9d9bc757f97f,3405,2790,2,Flexible Workspace,HALL,Hallway Connector F2 07,Hallway F207
a76e2dd9-4128-4ace-b3f1-5ac68d76836f,709,753,4,Flexible Workspace,CONF,FW Conference room 1,FW CONF 1
17a83a14-6c44-4bf3-9fe1-c05405c4800c,3790,1763,4,Flexible Workspace,ELEV,Elevator FWC Floor 4,Elevator FWC4
a9ef761c-d610-4feb-8f5e-6bacb72cdb28,1961,1914,2,Flexible Workspace,HALL,Hallway Door F2 08,Hallway F208
3938ce6f-2d7f-4bcd-911e-383fb22d69c7,1975,2660,2,Flexible Workspace,HALL,Hallway Connector F2 09,Hallway F209
73f036ed-d494-4ad1-a426-2b14dd28d699,1316,2144,4,Flexible Workspace,ELEV,Elevator FWB Floor 4,Elevator FWB4
e9002a33-b878-4451-918b-0b318cbd07de,1552,597,4,Flexible Workspace,CONF,FW Conference room 2,FW CONF 2
1941b525-5c79-4ee4-a2be-41cebf4a4cf7,1444,915,4,Flexible Workspace,CONF,FW Conference room 3,FW CONF 3
b8200993-4994-4434-abb7-fa0ea6f6dc55,1439,1189,4,Flexible Workspace,CONF,FW Conference room 4,FW CONF 4
66d72e56-53e6-4dad-b329-20fa38eb731a,1702,1186,4,Flexible Workspace,CONF,FW Conference room 5,FW CONF 5
8bf0a470-335b-4652-8c35-c0b3a5852907,1679,544,4,Flexible Workspace,HALL,Hallway Connector F4 01,Hallway F401
a6d0ae34-0401-4324-a6f4-fc55f3f3f90e,718,874,4,Flexible Workspace,HALL,Hallway Connector F4 02,Hallway F402
5ce08e37-2318-4b2b-9537-de7205898dbc,1975,949,4,Flexible Workspace,CONF,FW Conference room 6,FW CONF 6
19051895-a525-488e-9288-a5da1670063e,2259,1115,4,Flexible Workspace,CONF,FW Conference room 7,FW CONF 7
06014840-ecab-415a-a06f-6e52931a58fc,755,1670,4,Flexible Workspace,CONF,FW Conference room 8,FW CONF 8
dbb35092-43a5-49f3-9bc8-1226e5857b07,1191,1511,4,Flexible Workspace,CONF,FW Conference room 9,FW CONF 9
4b3be2f5-3447-47fb-b41a-49f92e1fc039,1183,2022,4,Flexible Workspace,CONF,FW Conference room 10,FW CONF 10
50f362f4-2857-41fb-ac5f-8124925abddf,2010,1461,4,Flexible Workspace,CONF,FW Conference room 11,FW CONF 11
9f15d597-4503-4d8f-9de7-2a2fac01c269,1993,1756,4,Flexible Workspace,CONF,FW Conference room 12,FW CONF 12
4bbf5033-2751-461c-bec7-191139287606,2714,2193,4,Flexible Workspace,CONF,FW Conference room 13,FW CONF 13
5cab2a71-70f8-47a4-a70d-4dba84e93ed4,3409,2447,4,Flexible Workspace,CONF,FW Conference room 14,FW CONF 14
50f9829a-b45d-43c5-a0e9-fe2523317c37,2267,2609,4,Flexible Workspace,CONF,FW Conference room 15,FW CONF 15
8b8605f8-9a04-4cab-9004-204321bf8909,2589,970,4,Flexible Workspace,COMP,FW Computer room 1,FW COMP 1
7ad1d0ab-65da-4b2b-ad9c-06fd449fe87f,3102,971,4,Flexible Workspace,COMP,FW Computer room 2,FW COMP 2
d78a1cf2-9bfa-486a-a872-0f883b8b9c7f,3545,971,4,Flexible Workspace,COMP,FW Computer room 3,FW COMP 3
53d46295-7dc3-45fd-bf27-6a717b14663f,4118,1286,4,Flexible Workspace,COMP,FW Computer room 4,FW COMP 4
02a403b4-04d7-4e89-a445-cde4abd440f3,4048,1916,4,Flexible Workspace,HALL,Hallway Connector F4 03,Hallway F403
376ac41a-f0cd-4b97-855d-42974c80d03d,4138,1828,4,Flexible,HALL,Hallway Connector F4 04,Hallway F404
1a339e61-855d-42c4-9dee-52cd3727bef5,3960,1348,4,Flexible,HALL,Hallway Connector F4 05,Hallway F405
008f3f02-a5c1-48be-9b51-84c18e43a901,4330,1771,4,Flexible Workspace,COMP,FW Computer room 5,FW COMP 5
4ac8b347-9195-4040-be0c-394bfae74390,3702,730,4,Flexible Workspace,HALL,Hallway Connector F4 06,Hallway F406
d2d2f639-f045-4411-b093-a80afa086be1,3531,728,4,Flexible Workspace,HALL,Hallway Connector F4 07,Hallway F407
75b7f468-2dcf-43e6-984f-934b6c2cef7d,3082,727,4,Flexible Workspace,HALL,Hallway Connector F4 08,Hallway F408
c44b7ff5-64fc-46d4-b9e5-ad7c2a5388e0,2566,724,4,Flexible Workspace,HALL,Hallway Connector F4 09,Hallway F409
504e6b92-baab-46d4-8456-bad21fae9857,2176,1357,4,Flexible Workspace,HALL,Hallway Connector F4 10,Hallway F410
fc50a624-b8c2-4ffe-b8d1-60b47a48b2ff,1837,721,4,Flexible Workspace,HALL,Hallway Connector F4 11,Hallway F411
eb2e5f53-759a-41cf-a94f-84d705a244fc,1848,821,4,Flexible Workspace,HALL,Hallway Connector F4 12,Hallway F412
967d0c07-98d6-434f-afb0-c4fa7bed89d3,2171,1266,4,Flexible Workspace,HALL,Hallway Connector F4 13,Hallway F413
6f59c479-d61f-4f61-8769-3c5647301989,1342,729,4,Flexible Workspace,HALL,Hallway Connector F4 14,Hallway F414
da8f10cc-087f-46ba-91d7-e990218a0dd0,1347,829,4,Flexible Workspace,HALL,Hallway Connector F4 15,Hallway F415
f3930ae3-21d6-4821-8117-891980e31b64,1525,1355,4,Flexible Workspace,HALL,Hallway Connector F4 16,Hallway F416
1b395c1d-9b2e-4550-acd6-631d7e9340d7,1535,1280,4,Flexible Workspace,HALL,Hallway Connector F4 17,Hallway F417
b3a307b1-ea4a-4682-8d7b-310855ee4c51,941,726,4,Flexible Workspace,HALL,Hallway Connector F4 18,Hallway F418
291575cc-0a7b-4529-907f-e6c327d09c00,909,876,4,Flexible Workspace,HALL,Hallway Connector F4 19,Hallway F419
06cf2aef-4e38-4ceb-b15c-2c549429336d,956,604,4,Flexible Workspace,HALL,Hallway Connector F4 20,Hallway F420
0c8864ae-7567-4f76-9f95-243b72a517f1,1669,727,4,Flexible Workspace,HALL,Hallway Connector F4 21,Hallway F421
59338fa8-6d89-4114-9425-5a11c7520edd,961,1516,4,Flexible Workspace,HALL,Hallway Connector F4 22,Hallway F422
d7a28376-f0bf-41d7-a5b1-9e2ba645c123,1022,2013,4,Flexible Workspace,HALL,Hallway Connector F4 23,Hallway F423
7a1b080d-857c-4927-a541-0f6888d8dfa4,1564,2099,4,Flexible Workspace,HALL,Hallway Connector F4 24,Hallway F424
5d322f8e-89dd-4f5c-8f57-66aae11a141a,1568,1989,4,Flexible Workspace,HALL,Hallway Connector F4 25,Hallway F425
b3f2a418-e739-45d2-bc90-b4e86e5eb08c,1774,1987,4,Flexible Workspace,HALL,Hallway Connector F4 26,Hallway F426
55fef315-1610-4b12-be90-3bcf5a6d894f,1041,2131,4,Flexible Workspace,HALL,Hallway Connector F4 27,Hallway F427
2b529dee-bfd2-4c4b-8ce2-64e30e41dd37,1022,1789,4,Flexible Workspace,HALL,Hallway Connector F4 28,Hallway F428
b3da7d12-6dd6-4c80-8d73-17fde925d98f,732,1791,4,Flexible Workspace,HALL,Hallway Connector F4 29,Hallway F429
4ec45d59-8f4f-4c46-bfda-0016b463b2b2,526,1789,4,Flexible Workspace,HALL,Hallway Connector F4 30,Hallway F430
9e400d0c-af6d-447e-b60f-ebb8605ae6d9,954,1357,4,Flexible Workspace,HALL,Hallway Connector F4 31,Hallway F431
7476a8c1-0912-4fb2-90db-68a28c1c1721,2122,1461,4,Flexible Workspace,HALL,Hallway Connector F4 32,Hallway F432
ff59eaa2-ba84-45a7-87e0-dae389f9fbfc,2122,1750,4,Flexible Workspace,HALL,Hallway Connector F4 33,Hallway F433
3d50d4fd-5f50-45d5-aaf5-1d426060b242,1797,1824,4,Flexible Workspace,HALL,Hallway Connector F4 34,Hallway F434
89e2e814-562e-4909-bb08-7323c5a8ac53,2137,1826,4,Flexible Workspace,HALL,Hallway Connector F4 35,Hallway F435
f51a2499-d03b-468f-b614-e7c4b71b8125,2446,1836,4,Flexible Workspace,HALL,Hallway Connector F4 36,Hallway F436
c17154f6-d358-49dd-8e45-7df889da1c66,1545,1819,4,Flexible Workspace,HALL,Hallway Connector F4 37,Hallway F437
35b3694d-73de-4208-965e-b4327de54c50,1348,1982,4,Flexible Workspace,HALL,Hallway Connector F4 38,Hallway F438
b82cde55-193d-4e63-9923-ef78af919358,1801,2068,4,Flexible Workspace,HALL,Hallway Connector F4 39,Hallway F439
672ae6b5-7bbd-4c74-8aa5-0eb03f58d892,2473,2020,4,Flexible Workspace,HALL,Hallway Connector F4 40,Hallway F440
cddc8d41-7c8a-42bb-be1e-263608f20246,2562,2185,4,Flexible Workspace,HALL,Hallway Connector F4 41,Hallway F441
b027762f-c463-4959-8648-465247294fcf,2571,2720,4,Flexible Workspace,HALL,Hallway Connector F4 42,Hallway F442
bfbe87ee-364d-44e7-bd2f-8420b9f633fd,2280,2715,4,Flexible Workspace,HALL,Hallway Connector F4 43,Hallway F443
b86359e6-ef71-48ac-aa62-8cb61463a223,2562,2653,4,Flexible Workspace,HALL,Hallway Connector F4 44,Hallway F444
f49567ad-168f-4763-8e1f-eeb6547af2a5,3826,2655,4,Flexible Workspace,HALL,Hallway Connector F4 45,Hallway F445
58078e61-6d94-4ef0-bbe3-833cda6157cf,3844,2342,4,Flexible Workspace,HALL,Hallway Connector F4 46,Hallway F446
7aaa93ca-0b61-4ece-a1ba-1a040d2eb8b1,3629,2345,4,Flexible Workspace,HALL,Hallway Connector F4 47,Hallway F447
683c8129-fc9b-4d47-bedd-a6e90a0f7b72,3844,2039,4,Flexible Workspace,HALL,Hallway Connector F4 48,Hallway F448
20e4573c-6b38-4592-b1a3-8fc9cc7e3d83,1639,1281,4,Flexible Workspace,HALL,Hallway Connector F4 49,Hallway F449
7aee689d-e32f-4184-9e39-7cce5bc86d41,1639,1355,4,Flexible Workspace,HALL,Hallway Connector F4 50,Hallway F450
a6523874-04ca-4717-afba-43aef335a2b5,3602,1355,4,Flexible Workspace,HALL,Hallway Connector F4 51,Hallway F451
2a01b9f1-6f88-4918-ab13-4bdfe371e4c8,3454,1355,4,Flexible Workspace,HALL,Hallway Connector F4 52,Hallway F452
69b6e01b-aa12-447d-a14c-ae2927610fa5,3485,1953,4,Flexible Workspace,HALL,Hallway Connector F4 53,Hallway F453
e3cba32d-e5e2-41d5-bbb7-b039861f9cae,3794,1953,4,Flexible Workspace,HALL,Hallway Connector F4 54,Hallway F454
d1a415b6-a863-4ad7-a49f-43d040a2dfb1,2468,1377,4,Flexible Workspace,HALL,Hallway Connector F4 55,Hallway F455
2b27a856-6748-46fd-b2c1-07ee6ca4da95,3852,2423,4,Flexible Workspace,HALL,Hallway Connector F4 56,Hallway F456
2fe00d22-7d3c-4a89-8a50-93c96d1caa77,4173,2162,4,Flexible Workspace,THEA,FW F4 Theater,FW F4 Amphitheater
452787f4-0b48-44e2-81ad-593b5ca51a59,4077,2412,4,Flexible Workspace,HALL,Hallway Connector F4 57,Hallway F457
43351f4f-5758-4321-b896-5e3de45a5843,4407,1847,4,Flexible Workspace,HALL,Hallway Connector F4 58,Hallway F458
ca802ad4-bef5-49ba-8521-39fd249ff937,3838,2692,4,Flexible Workspace,HALL,Hallway Connector F4 59,Hallway F459
d5fc5d11-ecbd-47e2-a0e8-acad25274589,2220,2719,4,Flexible Workspace,HALL,Hallway Connector F4 60,Hallway F460
6602ee0a-5535-4009-8f93-4187ea5bcc81,2648,2717,4,Flexible Workspace,HALL,Hallway Connector F4 61,Hallway F461
e015bddd-1075-42a6-a7ee-422fc71074b1,1581,2142,4,Flexible Workspace,HALL,Hallway Connector F4 62,Hallway F462
fbe84e77-9a97-4e66-b7d7-6fd36e6df207,1733,2067,4,Flexible Workspace,HALL,Hallway Connector F4 63,Hallway F463
17e5ced5-f845-48dc-bf28-7d0e4ee9e6bf,1743,1714,4,Flexible Workspace,HALL,Hallway Connector F4 64,Hallway F464
dfe57b89-1215-4e90-b46c-5c1f406564ec,1739,1430,4,Flexible Workspace,HALL,Hallway Connector F4 65,Hallway F465
9358a665-da33-4d4d-8b97-5daace911595,2659,1369,4,Flexible Workspace,ZONE,FW Workzone 1,Workzone 1
60f7d2b3-dd94-4637-be07-5e4e3994d070,2479,726,4,Flexible Workspace,ZONE,FW Workzone 2,Workzone 2
7f0f62ad-5c19-42b5-aac3-18811f308eb1,937,1135,4,Flexible Workspace,ZONE,FW Workzone 3,Workzone 3
901fdac0-61b0-40b1-a025-d3fa57b5d74a,1011,1647,4,Flexible Workspace,ZONE,FW Workzone 4,Workzone 4
7c064e73-9b95-4224-a146-8b900bec83c5,3167,2667,4,Flexible Workspace,ZONE,FW Workzone 5,Workzone 5
